31/12/2019;31;12;2019;0;0;Ecuador;EC;ECU;17373657;America;0;77,10331696;0;0;0;0;0;0;0
1/1/2020;1;1;2020;0;0;Ecuador;EC;ECU;17373657;America;0;77,10331696;0;0;0;0;0;0;0
2/1/2020;2;1;2020;0;0;Ecuador;EC;ECU;17373657;America;0;77,10331696;0;0;0;0;0;0;0
3/1/2020;3;1;2020;0;0;Ecuador;EC;ECU;17373657;America;0;77,10331696;0;0;0;0;0;0;0
4/1/2020;4;1;2020;0;0;Ecuador;EC;ECU;17373657;America;0;77,10331696;0;0;0;0;0;0;0
5/1/2020;5;1;2020;0;0;Ecuador;EC;ECU;17373657;America;0;77,10331696;0;0;0;0;0;0;0
6/1/2020;6;1;2020;0;0;Ecuador;EC;ECU;17373657;America;0;77,10331696;0;0;0;0;0;0;0
7/1/2020;7;1;2020;0;0;Ecuador;EC;ECU;17373657;America;0;77,10331696;0;0;0;0;0;0;0
8/1/2020;8;1;2020;0;0;Ecuador;EC;ECU;17373657;America;0;77,10331696;0;0;0;0;0;0;0
9/1/2020;9;1;2020;0;0;Ecuador;EC;ECU;17373657;America;0;77,10331696;0;0;0;0;0;0;0
10/1/2020;10;1;2020;0;0;Ecuador;EC;ECU;17373657;America;0;77,10331696;0;0;0;0;0;0;0
11/1/2020;11;1;2020;0;0;Ecuador;EC;ECU;17373657;America;0;77,10331696;0;0;0;0;0;0;0
12/1/2020;12;1;2020;0;0;Ecuador;EC;ECU;17373657;America;0;77,10331696;0;0;0;0;0;0;0
13/1/2020;13;1;2020;0;0;Ecuador;EC;ECU;17373657;America;0;77,10331696;0;0;0;0;0;0;0
14/1/2020;14;1;2020;0;0;Ecuador;EC;ECU;17373657;America;0;77,10331696;0;0;0;0;0;0;0
15/1/2020;15;1;2020;0;0;Ecuador;EC;ECU;17373657;America;0;77,10331696;0;0;0;0;0;0;0
16/1/2020;16;1;2020;0;0;Ecuador;EC;ECU;17373657;America;0;77,10331696;0;0;0;0;0;0;0
17/1/2020;17;1;2020;0;0;Ecuador;EC;ECU;17373657;America;0;77,10331696;0;0;0;0;0;0;0
18/1/2020;18;1;2020;0;0;Ecuador;EC;ECU;17373657;America;0;77,10331696;0;0;0;0;0;0;0
19/1/2020;19;1;2020;0;0;Ecuador;EC;ECU;17373657;America;0;77,10331696;0;0;0;0;0;0;0
20/1/2020;20;1;2020;0;0;Ecuador;EC;ECU;17373657;America;0;77,10331696;0;0;0;0;0;0;0
21/1/2020;21;1;2020;0;0;Ecuador;EC;ECU;17373657;America;0;77,10331696;0;0;0;0;0;0;0
22/1/2020;22;1;2020;0;0;Ecuador;EC;ECU;17373657;America;0;77,10331696;0;0;0;0;0;0;0
23/1/2020;23;1;2020;0;0;Ecuador;EC;ECU;17373657;America;0;77,10331696;0;0;0;0;0;0;0
24/1/2020;24;1;2020;0;0;Ecuador;EC;ECU;17373657;America;0;77,10331696;0;0;0;0;0;0;0
25/1/2020;25;1;2020;0;0;Ecuador;EC;ECU;17373657;America;0;77,10331696;0;0;0;0;0;0;0
26/1/2020;26;1;2020;0;0;Ecuador;EC;ECU;17373657;America;0;77,10331696;0;0;0;0;0;0;0
27/1/2020;27;1;2020;0;0;Ecuador;EC;ECU;17373657;America;0;77,10331696;0;0;0;0;0;0;0
28/1/2020;28;1;2020;0;0;Ecuador;EC;ECU;17373657;America;0;77,10331696;0;0;0;0;0;0;0
29/1/2020;29;1;2020;0;0;Ecuador;EC;ECU;17373657;America;0;77,10331696;0;0;0;0;0;0;0
30/1/2020;30;1;2020;0;0;Ecuador;EC;ECU;17373657;America;0;77,10331696;0;0;0;0;0;0;0
31/1/2020;31;1;2020;0;0;Ecuador;EC;ECU;17373657;America;0;77,10331696;0;0;0;0;0;0;0
1/2/2020;1;2;2020;0;0;Ecuador;EC;ECU;17373657;America;0;77,10331696;0;0;0;0;0;0;0
2/2/2020;2;2;2020;0;0;Ecuador;EC;ECU;17373657;America;0;77,10331696;0;0;0;0;0;0;0
3/2/2020;3;2;2020;0;0;Ecuador;EC;ECU;17373657;America;0;77,10331696;0;0;0;0;0;0;0
4/2/2020;4;2;2020;0;0;Ecuador;EC;ECU;17373657;America;0;77,10331696;0;0;0;0;0;0;0
5/2/2020;5;2;2020;0;0;Ecuador;EC;ECU;17373657;America;0;77,10331696;0;0;0;0;0;0;0
6/2/2020;6;2;2020;0;0;Ecuador;EC;ECU;17373657;America;0;77,10331696;0;0;0;0;0;0;0
7/2/2020;7;2;2020;0;0;Ecuador;EC;ECU;17373657;America;0;77,10331696;0;0;0;0;0;0;0
8/2/2020;8;2;2020;0;0;Ecuador;EC;ECU;17373657;America;0;77,10331696;0;0;0;0;0;0;0
9/2/2020;9;2;2020;0;0;Ecuador;EC;ECU;17373657;America;0;77,10331696;0;0;0;0;0;0;0
10/2/2020;10;2;2020;0;0;Ecuador;EC;ECU;17373657;America;0;77,10331696;0;0;0;0;0;0;0
11/2/2020;11;2;2020;0;0;Ecuador;EC;ECU;17373657;America;0;77,10331696;0;0;0;0;0;0;0
12/2/2020;12;2;2020;0;0;Ecuador;EC;ECU;17373657;America;0;77,10331696;0;0;0;0;0;0;0
13/2/2020;13;2;2020;0;0;Ecuador;EC;ECU;17373657;America;0;77,10331696;0;0;0;0;0;0;0
14/2/2020;14;2;2020;0;0;Ecuador;EC;ECU;17373657;America;0;77,10331696;0;0;0;0;0;0;0
15/2/2020;15;2;2020;0;0;Ecuador;EC;ECU;17373657;America;0;77,10331696;0;0;0;0;0;0;0
16/2/2020;16;2;2020;0;0;Ecuador;EC;ECU;17373657;America;0;77,10331696;0;0;0;0;0;0;0
17/2/2020;17;2;2020;0;0;Ecuador;EC;ECU;17373657;America;0;77,10331696;0;0;0;0;0;0;0
18/2/2020;18;2;2020;0;0;Ecuador;EC;ECU;17373657;America;0;77,10331696;0;0;0;0;0;0;0
19/2/2020;19;2;2020;0;0;Ecuador;EC;ECU;17373657;America;0;77,10331696;0;0;0;0;0;0;0
20/2/2020;20;2;2020;0;0;Ecuador;EC;ECU;17373657;America;0;77,10331696;0;0;0;0;0;0;0
21/2/2020;21;2;2020;0;0;Ecuador;EC;ECU;17373657;America;0;77,10331696;0;0;0;0;0;0;0
22/2/2020;22;2;2020;0;0;Ecuador;EC;ECU;17373657;America;0;77,10331696;0;0;0;0;0;0;0
23/2/2020;23;2;2020;0;0;Ecuador;EC;ECU;17373657;America;0;77,10331696;0;0;0;0;0;0;0
24/2/2020;24;2;2020;0;0;Ecuador;EC;ECU;17373657;America;0;77,10331696;0;0;0;0;0;0;0
25/2/2020;25;2;2020;0;0;Ecuador;EC;ECU;17373657;America;0;77,10331696;0;0;0;0;0;0;0
26/2/2020;26;2;2020;0;0;Ecuador;EC;ECU;17373657;America;0;77,10331696;0;0;0;0;0;0;0
27/2/2020;27;2;2020;0;0;Ecuador;EC;ECU;17373657;America;0;77,10331696;0;0;0;0;0;0;0
28/2/2020;28;2;2020;0;0;Ecuador;EC;ECU;17373657;America;0;77,10331696;0;0;0;0;0;0;0
29/2/2020;29;2;2020;0;0;Ecuador;EC;ECU;17373657;America;0;77,10331696;0;0;0;0;0;0;0
1/3/2020;1;3;2020;1;0;Ecuador;EC;ECU;17373657;America;0,00575584;77,10331696;0;0;0;0;0;1;0
2/3/2020;2;3;2020;5;0;Ecuador;EC;ECU;17373657;America;0,03453504;77,10331696;0;0;0;0;0;6;0
3/3/2020;3;3;2020;1;0;Ecuador;EC;ECU;17373657;America;0,04029088;77,10331696;0;0;0;0;0;7;0
5/3/2020;5;3;2020;3;0;Ecuador;EC;ECU;17373657;America;0,05755841;77,10331696;0;0;0;0;0;10;0
6/3/2020;6;3;2020;3;0;Ecuador;EC;ECU;17373657;America;0,07482593;77,10331696;0;0;0;0;0;13;0
9/3/2020;9;3;2020;1;0;Ecuador;EC;ECU;17373657;America;0,08058177;77,10331696;0;0;0;0;0;14;0
10/3/2020;10;3;2020;1;0;Ecuador;EC;ECU;17373657;America;0,08633761;77,10331696;0;0;0;0;0;15;0
11/3/2020;11;3;2020;2;0;Ecuador;EC;ECU;17373657;America;0,09784929;77,10331696;0;0;0;0;0;17;0
14/3/2020;14;3;2020;6;1;Ecuador;EC;ECU;17373657;America;0,13238433;77,10331696;0;7;3;10;1;23;0,005755841
15/3/2020;15;3;2020;5;1;Ecuador;EC;ECU;17373657;America;0,16116354;77,10331696;0;7;2;9;2;28;0,011511681
16/3/2020;16;3;2020;9;0;Ecuador;EC;ECU;17373657;America;0,2129661;77,10331696;0;9;5;14;2;37;0,011511681
17/3/2020;17;3;2020;21;0;Ecuador;EC;ECU;17373657;America;0,33383875;77,10331696;0;9;5;14;2;58;0,011511681
18/3/2020;18;3;2020;53;0;Ecuador;EC;ECU;17373657;America;0,6388983;77,10331696;0;10;6;16;2;111;0,011511681
19/3/2020;19;3;2020;57;1;Ecuador;EC;ECU;17373657;America;0,96698122;77,10331696;3;12;5;17;3;168;0,017267522
20/3/2020;20;3;2020;31;0;Ecuador;EC;ECU;17373657;America;1,13965644;77,10331696;3;10;7;17;3;199;0,017267522
21/3/2020;21;3;2020;227;4;Ecuador;EC;ECU;17373657;America;2,41745304;77,10331696;3;5;15;20;7;426;0,040290884
22/3/2020;22;3;2020;106;0;Ecuador;EC;ECU;17373657;America;3,0218163;77,10331696;3;54;17;71;7;532;0,040290884
23/3/2020;23;3;2020;257;7;Ecuador;EC;ECU;17373657;America;4,48379981;77,10331696;3;95;41;136;14;789;0,080581768
24/3/2020;24;3;2020;192;4;Ecuador;EC;ECU;17373657;America;5,57165368;77,10331696;3;78;55;133;18;981;0,10360513
25/3/2020;25;3;2020;101;9;Ecuador;EC;ECU;17373657;America;6,14723774;77,10331696;3;87;64;151;27;1082;0,155407696
26/3/2020;26;3;2020;129;2;Ecuador;EC;ECU;17373657;America;6,88398533;77,10331696;3;71;81;152;29;1211;0,166919377
27/3/2020;27;3;2020;192;5;Ecuador;EC;ECU;17373657;America;7,97759505;77,10331696;3;113;94;207;34;1403;0,19569858
28/3/2020;28;3;2020;224;7;Ecuador;EC;ECU;17373657;America;9,23236829;77,10331696;3;121;110;231;41;1627;0,235989464
29/3/2020;29;3;2020;208;7;Ecuador;EC;ECU;17373657;America;10,40080393;77,10331696;3;191;110;301;48;1835;0,276280348
30/3/2020;30;3;2020;55;10;Ecuador;EC;ECU;17373657;America;10,6655726;77,10331696;54;206;100;306;58;1890;0,333838754
31/3/2020;31;3;2020;76;4;Ecuador;EC;ECU;17373657;America;10,98214383;77,10331696;58;208;100;308;62;1966;0,356862116
1/4/2020;1;4;2020;336;17;Ecuador;EC;ECU;17373657;America;12,61104671;77,10331696;58;191;110;301;79;2302;0,454711406
2/4/2020;2;4;2020;456;41;Ecuador;EC;ECU;17373657;America;14,9076271;77,10331696;65;103;122;225;120;2758;0,69070087
3/4/2020;3;4;2020;405;0;Ecuador;EC;ECU;17373657;America;17,06031148;77,10331696;71;112;128;240;120;3163;0,69070087
4/4/2020;4;4;2020;205;25;Ecuador;EC;ECU;17373657;America;16,93368299;77,10331696;100;388;172;560;145;3368;0,834596884
5/4/2020;5;4;2020;97;27;Ecuador;EC;ECU;17373657;America;16,88188042;77,10331696;100;521;158;679;172;3465;0,99000458
6/4/2020;6;4;2020;181;8;Ecuador;EC;ECU;17373657;America;16,44443654;77,10331696;100;234;156;390;180;3646;1,036051305
7/4/2020;7;4;2020;101;11;Ecuador;EC;ECU;17373657;America;15,92065505;77,10331696;140;156;146;302;191;3747;1,099365551
8/4/2020;8;4;2020;248;29;Ecuador;EC;ECU;17373657;America;16,76676361;77,10331696;140;178;146;324;220;3995;1,266284928
9/4/2020;9;4;2020;455;22;Ecuador;EC;ECU;17373657;America;18,64316764;77,10331696;339;196;139;335;242;4450;1,392913421
10/4/2020;10;4;2020;515;30;Ecuador;EC;ECU;17373657;America;20,50230415;77,10331696;368;223;171;394;272;4965;1,565588638
11/4/2020;11;4;2020;2196;25;Ecuador;EC;ECU;17373657;America;31,85282177;77,10331696;411;224;184;408;297;7161;1,709484653
12/4/2020;12;4;2020;96;18;Ecuador;EC;ECU;17373657;America;31,20816763;77,10331696;501;196;169;365;315;7257;1,813089783
13/4/2020;13;4;2020;209;18;Ecuador;EC;ECU;17373657;America;32,09456708;77,10331696;597;200;121;321;333;7466;1,916694913
14/4/2020;14;4;2020;63;22;Ecuador;EC;ECU;17373657;America;32,01974115;77,10331696;696;197;129;326;355;7529;2,043323406
15/4/2020;15;4;2020;74;0;Ecuador;EC;ECU;17373657;America;30,51171092;77,10331696;780;220;135;355;355;7603;2,043323406
16/4/2020;16;4;2020;255;33;Ecuador;EC;ECU;17373657;America;29,35478696;77,10331696;838;199;168;367;388;7858;2,233266145
17/4/2020;17;4;2020;367;15;Ecuador;EC;ECU;17373657;America;29,13606502;77,10331696;922;234;141;375;403;8225;2,319603754
18/4/2020;18;4;2020;225;18;Ecuador;EC;ECU;17373657;America;29,25118183;77,10331696;1008;220;134;354;421;8450;2,423208885
19/4/2020;19;4;2020;572;35;Ecuador;EC;ECU;17373657;America;31,98520611;77,10331696;1061;245;124;369;456;9022;2,624663305
20/4/2020;20;4;2020;446;18;Ecuador;EC;ECU;17373657;America;33,51050386;77,10331696;1150;256;124;380;474;9468;2,728268435
21/4/2020;21;4;2020;660;33;Ecuador;EC;ECU;17373657;America;36,72801875;77,10331696;1207;301;137;438;507;10128;2,918211175
22/4/2020;22;4;2020;270;13;Ecuador;EC;ECU;17373657;America;36,85464724;77,10331696;1262;319;141;460;520;10398;2,993037102
23/4/2020;23;4;2020;452;17;Ecuador;EC;ECU;17373657;America;36,83737972;77,10331696;1328;273;146;419;537;10850;3,090886392
24/4/2020;24;4;2020;333;23;Ecuador;EC;ECU;17373657;America;35,78981673;77,10331696;1366;300;127;427;560;11183;3,223270725
25/4/2020;25;4;2020;0;16;Ecuador;EC;ECU;17373657;America;23,14999082;77,10331696;1366;300;127;427;576;11183;3,315364175
26/4/2020;26;4;2020;0;0;Ecuador;EC;ECU;17373657;America;22,59743012;77,10331696;1366;300;127;427;576;11183;3,315364175
27/4/2020;27;4;2020;11536;0;Ecuador;EC;ECU;17373657;America;87,79383638;77,10331696;1557;273;146;419;576;22719;3,315364175
28/4/2020;28;4;2020;521;87;Ecuador;EC;ECU;17373657;America;90,43001137;77,10331696;1643;318;134;452;663;23240;3,816122305
29/4/2020;29;4;2020;1018;208;Ecuador;EC;ECU;17373657;America;95,86352488;77,10331696;1720;344;147;491;871;24258;5,013337146
30/4/2020;30;4;2020;417;12;Ecuador;EC;ECU;17373657;America;96,79597105;77,10331696;1806;328;151;479;883;24675;5,082407233
1/5/2020;1;5;2020;259;17;Ecuador;EC;ECU;17373657;America;96,17434027;77,10331696;1886;337;149;486;900;24934;5,180256523
2/5/2020;2;5;2020;1402;163;Ecuador;EC;ECU;17373657;America;102,9489646;77,10331696;1942;335;150;485;1063;26336;6,118458538
3/5/2020;3;5;2020;1128;308;Ecuador;EC;ECU;17373657;America;106,149212;77,10331696;1992;343;154;497;1371;27464;7,891257436
4/5/2020;4;5;2020;2074;193;Ecuador;EC;ECU;17373657;America;115,5197205;77,10331696;2036;370;159;529;1564;29538;9,002134669
5/5/2020;5;5;2020;2343;5;Ecuador;EC;ECU;17373657;America;125,2068002;77,10331696;2036;370;159;529;1569;31881;9,030913872
6/5/2020;6;5;2020;0;0;Ecuador;EC;ECU;17373657;America;123,6527232;77,10331696;2292;369;156;525;1569;31881;9,030913872
7/5/2020;7;5;2020;-2461;49;Ecuador;EC;ECU;17373657;America;106,8859596;77,10331696;2397;362;156;518;1618;29420;9,31295006
8/5/2020;8;5;2020;878;36;Ecuador;EC;ECU;17373657;America;110,0228927;77,10331696;2463;360;161;521;1654;30298;9,520160321
9/5/2020;9;5;2020;-1480;50;Ecuador;EC;ECU;17373657;America;101,5042486;77,10331696;2566;402;181;583;1704;28818;9,80795235
10/5/2020;10;5;2020;253;13;Ecuador;EC;ECU;17373657;America;102,9604763;77,10331696;2669;368;182;550;1717;29071;9,882778277
11/5/2020;11;5;2020;488;410;Ecuador;EC;ECU;17373657;America;39,36994957;77,10331696;2728;388;187;575;2127;29559;12,24267292
12/5/2020;12;5;2020;-50;18;Ecuador;EC;ECU;17373657;America;36,0833646;77,10331696;2782;400;189;589;2145;29509;12,34627805
13/5/2020;13;5;2020;910;182;Ecuador;EC;ECU;17373657;America;35,46173382;77,10331696;2930;414;190;604;2327;30419;13,39384103
14/5/2020;14;5;2020;67;7;Ecuador;EC;ECU;17373657;America;33,44718962;77,10331696;2974;412;196;608;2334;30486;13,43413192
15/5/2020;15;5;2020;16;4;Ecuador;EC;ECU;17373657;America;32,04852035;77,10331696;3159;380;197;577;2338;30502;13,45715528
16/5/2020;16;5;2020;965;256;Ecuador;EC;ECU;17373657;America;29,53321802;77,10331696;3226;404;195;599;2594;31467;14,93065047
17/5/2020;17;5;2020;1296;94;Ecuador;EC;ECU;17373657;America;30,50019924;77,10331696;3272;385;189;574;2688;32763;15,47169948
18/5/2020;18;5;2020;419;48;Ecuador;EC;ECU;17373657;America;20,97428308;77,10331696;3375;380;186;566;2736;33182;15,74797983
19/5/2020;19;5;2020;400;63;Ecuador;EC;ECU;17373657;America;9,79068483;77,10331696;3457;474;221;695;2799;33582;16,11059779
20/5/2020;20;5;2020;569;40;Ecuador;EC;ECU;17373657;America;13,06575812;77,10331696;3557;445;191;636;2839;34151;16,34083141
21/5/2020;21;5;2020;703;49;Ecuador;EC;ECU;17373657;America;31,27723772;77,10331696;3638;415;205;620;2888;34854;16,6228676
22/5/2020;22;5;2020;452;51;Ecuador;EC;ECU;17373657;America;28,82524963;77,10331696;3706;421;203;624;2939;35306;16,91641547
23/5/2020;23;5;2020;522;117;Ecuador;EC;ECU;17373657;America;40,34844247;77,10331696;3748;456;208;664;3056;35828;17,58984882
24/5/2020;24;5;2020;430;40;Ecuador;EC;ECU;17373657;America;41,36722626;77,10331696;3858;460;206;666;3096;36258;17,82008244
25/5/2020;25;5;2020;498;12;Ecuador;EC;ECU;17373657;America;41,42478466;77,10331696;3946;442;211;653;3108;36756;17,88915253
26/5/2020;26;5;2020;599;95;Ecuador;EC;ECU;17373657;America;45,1603252;77,10331696;3981;441;216;657;3203;37355;18,43595738
27/5/2020;27;5;2020;0;0;Ecuador;EC;ECU;17373657;America;39,92251027;77,10331696;4021;437;219;656;3203;37355;18,43595738
28/5/2020;28;5;2020;748;72;Ecuador;EC;ECU;17373657;America;43,84223771;77,10331696;4220;416;220;636;3275;38103;18,8503779
29/5/2020;29;5;2020;368;38;Ecuador;EC;ECU;17373657;America;45,86829359;77,10331696;4269;464;231;695;3313;38471;19,06909984
30/5/2020;30;5;2020;100;21;Ecuador;EC;ECU;17373657;America;40,88949149;77,10331696;4430;457;234;691;3334;38571;19,1899725
31/5/2020;31;5;2020;0;0;Ecuador;EC;ECU;17373657;America;33,42992209;77,10331696;4476;462;232;694;3334;38571;19,1899725
1/6/2020;1;6;2020;527;24;Ecuador;EC;ECU;17373657;America;34,05155288;77,10331696;4583;483;251;734;3358;39098;19,32811267
2/6/2020;2;6;2020;896;36;Ecuador;EC;ECU;17373657;America;36,90644981;77,10331696;4620;524;252;776;3394;39994;19,53532293
3/6/2020;3;6;2020;420;44;Ecuador;EC;ECU;17373657;America;36,04882956;77,10331696;4693;508;259;767;3438;40414;19,78857992
4/6/2020;4;6;2020;552;48;Ecuador;EC;ECU;17373657;America;35,17969763;77,10331696;4737;532;239;771;3486;40966;20,06486027
5/6/2020;5;6;2020;0;0;Ecuador;EC;ECU;17373657;America;32,57805769;77,10331696;4801;516;221;737;3486;40966;20,06486027
6/6/2020;6;6;2020;609;48;Ecuador;EC;ECU;17373657;America;33,07881582;77,10331696;4912;439;226;665;3534;41575;20,34114061
7/6/2020;7;6;2020;1153;74;Ecuador;EC;ECU;17373657;America;37,24028856;77,10331696;4977;451;222;673;3608;42728;20,76707282
8/6/2020;8;6;2020;392;13;Ecuador;EC;ECU;17373657;America;36,63016946;77,10331696;5073;474;228;702;3621;43120;20,84189874
9/6/2020;9;6;2020;258;21;Ecuador;EC;ECU;17373657;America;34,66742782;77,10331696;5110;483;219;702;3642;43378;20,9627714
10/6/2020;10;6;2020;539;48;Ecuador;EC;ECU;17373657;America;37,76982589;77,10331696;5167;501;232;733;3690;43917;21,23905174
11/6/2020;11;6;2020;523;30;Ecuador;EC;ECU;17373657;America;36,47476176;77,10331696;5333;530;223;753;3720;44440;21,41172696
12/6/2020;12;6;2020;0;0;Ecuador;EC;ECU;17373657;America;34,35661243;77,10331696;5410;549;221;770;3720;44440;21,41172696
13/6/2020;13;6;2020;1338;108;Ecuador;EC;ECU;17373657;America;41,48234307;77,10331696;5480;546;219;765;3828;45778;22,03335774
14/6/2020;14;6;2020;578;46;Ecuador;EC;ECU;17373657;America;44,80921892;77,10331696;5554;548;230;778;3874;46356;22,29812641
15/6/2020;15;6;2020;395;22;Ecuador;EC;ECU;17373657;America;44,04944797;77,10331696;5737;478;227;705;3896;46751;22,4247549
16/6/2020;16;6;2020;571;33;Ecuador;EC;ECU;17373657;America;42,17879978;77,10331696;5791;528;239;767;3929;47322;22,61469764
17/6/2020;17;6;2020;621;41;Ecuador;EC;ECU;17373657;America;43,33572373;77,10331696;5911;562;239;801;3970;47943;22,85068711
18/6/2020;18;6;2020;547;37;Ecuador;EC;ECU;17373657;America;43,30694453;77,10331696;6021;545;233;778;4007;48490;23,06365321
19/6/2020;19;6;2020;607;80;Ecuador;EC;ECU;17373657;America;46,80073976;77,10331696;6111;527;234;761;4087;49097;23,52412045
20/6/2020;20;6;2020;634;69;Ecuador;EC;ECU;17373657;America;46,94463578;77,10331696;6167;520;245;765;4156;49731;23,92127345
21/6/2020;21;6;2020;452;43;Ecuador;EC;ECU;17373657;America;42,90979153;77,10331696;6250;519;273;792;4199;50183;24,1687746
22/6/2020;22;6;2020;457;24;Ecuador;EC;ECU;17373657;America;43,28392117;77,10331696;6384;485;291;776;4223;50640;24,30691477
23/6/2020;23;6;2020;0;0;Ecuador;EC;ECU;17373657;America;41,7989143;77,10331696;6456;506;291;797;4223;50640;24,30691477
24/6/2020;24;6;2020;1003;51;Ecuador;EC;ECU;17373657;America;44,46962433;77,10331696;6530;455;288;743;4274;51643;24,60046264
25/6/2020;25;6;2020;691;35;Ecuador;EC;ECU;17373657;America;45,43660555;77,10331696;6682;507;288;795;4309;52334;24,80191706
26/6/2020;26;6;2020;822;34;Ecuador;EC;ECU;17373657;America;50,1679065;77,10331696;6832;556;298;854;4343;53156;24,99761564
27/6/2020;27;6;2020;700;63;Ecuador;EC;ECU;17373657;America;46,49568021;77,10331696;6948;566;290;856;4406;53856;25,3602336
28/6/2020;28;6;2020;718;18;Ecuador;EC;ECU;17373657;America;47,30149789;77,10331696;7015;533;287;820;4424;54574;25,46383873
29/6/2020;29;6;2020;681;5;Ecuador;EC;ECU;17373657;America;48,9476683;77,10331696;7154;543;287;830;4429;55255;25,49261793
30/6/2020;30;6;2020;410;73;Ecuador;EC;ECU;17373657;America;48,02097797;77,10331696;7243;557;277;834;4502;55665;25,9127943
1/7/2020;1;7;2020;767;25;Ecuador;EC;ECU;17373657;America;48,86133069;77,10331696;7342;552;275;827;4527;56432;26,05669031
2/7/2020;2;7;2020;1825;49;Ecuador;EC;ECU;17373657;America;56,21729495;77,10331696;7487;586;300;886;4576;58257;26,3387265
3/7/2020;3;7;2020;1211;63;Ecuador;EC;ECU;17373657;America;59,69382266;77,10331696;7619;635;322;957;4639;59468;26,70134445
4/7/2020;4;7;2020;1189;61;Ecuador;EC;ECU;17373657;America;62,88831419;77,10331696;7735;638;286;924;4700;60657;27,05245073
5/7/2020;5;7;2020;878;69;Ecuador;EC;ECU;17373657;America;65,34030227;77,10331696;7810;639;324;963;4769;61535;27,44960373
6/7/2020;6;7;2020;423;12;Ecuador;EC;ECU;17373657;America;65,1446037;77,10331696;7960;632;324;956;4781;61958;27,51867382
7/7/2020;7;7;2020;422;40;Ecuador;EC;ECU;17373657;America;67,57356842;77,10331696;8012;625;317;942;4821;62380;27,74890744
8/7/2020;8;7;2020;865;52;Ecuador;EC;ECU;17373657;America;66,77926242;77,10331696;8125;617;310;927;4873;63245;28,04821115
9/7/2020;9;7;2020;976;27;Ecuador;EC;ECU;17373657;America;68,41967699;77,10331696;8263;649;308;957;4900;64221;28,20361885
10/7/2020;10;7;2020;797;39;Ecuador;EC;ECU;17373657;America;68,27578097;77,10331696;8416;647;311;958;4939;65018;28,42809663
11/7/2020;11;7;2020;783;44;Ecuador;EC;ECU;17373657;America;68,75351574;77,10331696;8693;653;324;977;4983;65801;28,68135361
12/7/2020;12;7;2020;1408;48;Ecuador;EC;ECU;17373657;America;72,72504574;77,10331696;8842;685;322;1007;5031;67209;28,95763396
13/7/2020;13;7;2020;661;16;Ecuador;EC;ECU;17373657;America;72,60992893;77,10331696;8928;658;334;992;5047;67870;29,04972741
14/7/2020;14;7;2020;589;16;Ecuador;EC;ECU;17373657;America;73,64022439;77,10331696;9043;670;313;983;5063;68459;29,14182086
15/7/2020;15;7;2020;1111;67;Ecuador;EC;ECU;17373657;America;75,62023355;77,10331696;9200;759;332;1091;5130;69570;29,52746218
16/7/2020;16;7;2020;759;28;Ecuador;EC;ECU;17373657;America;69,48450749;77,10331696;9278;773;333;1106;5158;70329;29,68862572
17/7/2020;17;7;2020;1036;49;Ecuador;EC;ECU;17373657;America;68,47723539;77,10331696;9278;773;333;1106;5207;71365;29,9706619
18/7/2020;18;7;2020;1079;43;Ecuador;EC;ECU;17373657;America;67,84409293;77,10331696;9527;736;342;1078;5250;72444;30,21816305
19/7/2020;19;7;2020;938;32;Ecuador;EC;ECU;17373657;America;68,18944336;77,10331696;9671;753;347;1100;5282;73382;30,40234995
20/7/2020;20;7;2020;631;31;Ecuador;EC;ECU;17373657;America;69,3866582;77,10331696;9725;732;345;1077;5313;74013;30,58078101
21/7/2020;21;7;2020;607;5;Ecuador;EC;ECU;17373657;America;70,45148871;77,10331696;9779;753;347;1100;5318;74620;30,60956021
22/7/2020;22;7;2020;1597;48;Ecuador;EC;ECU;17373657;America;74,66476402;77,10331696;10068;735;313;1048;5366;76217;30,88584056
23/7/2020;23;7;2020;1040;52;Ecuador;EC;ECU;17373657;America;75,03313781;77,10331696;10291;790;339;1129;5418;77257;31,18514427
24/7/2020;24;7;2020;891;21;Ecuador;EC;ECU;17373657;America;75,57418683;77,10331696;10555;822;346;1168;5439;78148;31,30601692
25/7/2020;25;7;2020;901;29;Ecuador;EC;ECU;17373657;America;76,25337602;77,10331696;10697;648;278;926;5468;79049;31,4729363
26/7/2020;26;7;2020;987;39;Ecuador;EC;ECU;17373657;America;73,83016713;77,10331696;10769;823;350;1173;5507;80036;31,69741408
27/7/2020;27;7;2020;658;8;Ecuador;EC;ECU;17373657;America;73,81289961;77,10331696;10838;835;368;1203;5515;80694;31,7434608
28/7/2020;28;7;2020;467;17;Ecuador;EC;ECU;17373657;America;73,11068706;77,10331696;10888;840;356;1196;5532;81161;31,84131009
29/7/2020;29;7;2020;1118;52;Ecuador;EC;ECU;17373657;America;73,15097794;77,10331696;11043;882;361;1243;5584;82279;32,1406138
30/7/2020;30;7;2020;914;39;Ecuador;EC;ECU;17373657;America;74,04313323;77,10331696;11165;879;360;1239;5623;83193;32,36509159
31/7/2020;31;7;2020;1177;34;Ecuador;EC;ECU;17373657;America;74,85470676;77,10331696;11295;854;369;1223;5657;84370;32,56079017
1/8/2020;1;8;2020;985;45;Ecuador;EC;ECU;17373657;America;74,31365774;77,10331696;11392;841;369;1210;5702;85355;32,81980299
2/8/2020;2;8;2020;877;34;Ecuador;EC;ECU;17373657;America;73,96255147;77,10331696;11509;859;363;1222;5736;86232;33,01550157
3/8/2020;3;8;2020;292;14;Ecuador;EC;ECU;17373657;America;72,01132151;77,10331696;11577;844;366;1210;5750;86524;33,09608334
4/8/2020;4;8;2020;517;17;Ecuador;EC;ECU;17373657;America;71,49329586;77,10331696;11641;831;359;1190;5767;87041;33,19393263
5/8/2020;5;8;2020;922;41;Ecuador;EC;ECU;17373657;America;67,60810346;77,10331696;11824;830;378;1208;5808;87963;33,42992209
6/8/2020;6;8;2020;903;39;Ecuador;EC;ECU;17373657;America;66,8195533;77,10331696;11974;833;384;1217;5847;88866;33,65439988
7/8/2020;7;8;2020;1671;40;Ecuador;EC;ECU;17373657;America;71,30910896;77,10331696;12119;823;365;1188;5887;90537;33,8846335
8/8/2020;8;8;2020;1432;10;Ecuador;EC;ECU;17373657;America;74,36546031;77,10331696;12261;835;369;1204;5897;91969;33,94219191
9/8/2020;9;8;2020;1603;19;Ecuador;EC;ECU;17373657;America;77,9110581;77,10331696;12453;874;356;1230;5916;93572;34,05155288
10/8/2020;10;8;2020;887;6;Ecuador;EC;ECU;17373657;America;79,2291456;77,10331696;12509;905;345;1250;5922;94459;34,08608792
11/8/2020;11;8;2020;242;10;Ecuador;EC;ECU;17373657;America;77,93408147;77,10331696;12511;913;348;1261;5932;94701;34,14364633
12/8/2020;12;8;2020;862;19;Ecuador;EC;ECU;17373657;America;76,46058628;77,10331696;12788;920;348;1268;5951;95563;34,2530073
13/8/2020;13;8;2020;1547;33;Ecuador;EC;ECU;17373657;America;80,10403336;77,10331696;12858;922;355;1277;5984;97110;34,44295004
14/8/2020;14;8;2020;1233;26;Ecuador;EC;ECU;17373657;America;80,42636044;77,10331696;13077;912;343;1255;6010;98343;34,59260189
15/8/2020;15;8;2020;1066;20;Ecuador;EC;ECU;17373657;America;80,89258352;77,10331696;13255;862;352;1214;6030;99409;34,7077187
16/8/2020;16;8;2020;1279;35;Ecuador;EC;ECU;17373657;America;83,20643144;77,10331696;13406;944;376;1320;6065;100688;34,90917312
17/8/2020;17;8;2020;854;5;Ecuador;EC;ECU;17373657;America;86,44121384;77,10331696;13504;859;339;1198;6070;101542;34,93795233
18/8/2020;18;8;2020;209;13;Ecuador;EC;ECU;17373657;America;84,66841495;77,10331696;13567;890;366;1256;6083;101751;35,01277825
19/8/2020;19;8;2020;1190;22;Ecuador;EC;ECU;17373657;America;86,21098022;77,10331696;13661;886;365;1251;6105;102941;35,13940675
20/8/2020;20;8;2020;1534;41;Ecuador;EC;ECU;17373657;America;89,84291563;77,10331696;14044;864;331;1195;6146;104475;35,37539621
21/8/2020;21;8;2020;1033;54;Ecuador;EC;ECU;17373657;America;86,17068934;77,10331696;14114;877;350;1227;6200;105508;35,6862116
22/8/2020;22;8;2020;973;48;Ecuador;EC;ECU;17373657;America;83,52875851;77,10331696;14273;869;351;1220;6248;106481;35,96249195
23/8/2020;23;8;2020;608;29;Ecuador;EC;ECU;17373657;America;77,80169713;77,10331696;14552;744;359;1103;6277;107089;36,12941133
24/8/2020;24;8;2020;680;33;Ecuador;EC;ECU;17373657;America;76,61023813;77,10331696;14614;753;370;1123;6310;107769;36,31935407
25/8/2020;25;8;2020;520;12;Ecuador;EC;ECU;17373657;America;78,21036181;77,10331696;14761;841;386;1227;6322;108289;36,38842415
26/8/2020;26;8;2020;741;46;Ecuador;EC;ECU;17373657;America;77,5139051;77,10331696;14833;835;370;1205;6368;109030;36,65319282
27/8/2020;27;8;2020;1519;42;Ecuador;EC;ECU;17373657;America;77,35274157;77,10331696;14938;857;370;1227;6410;110549;36,89493812
28/8/2020;28;8;2020;670;61;Ecuador;EC;ECU;17373657;America;74,11220332;77,10331696;15047;874;381;1255;6471;111219;37,2460444
29/8/2020;29;8;2020;922;33;Ecuador;EC;ECU;17373657;America;73,28336228;77,10331696;15165;879;357;1236;6504;112141;37,43598714
30/8/2020;30;8;2020;765;33;Ecuador;EC;ECU;17373657;America;70,32486022;77,10331696;15368;874;377;1251;6537;112906;37,62592988
31/8/2020;31;8;2020;742;18;Ecuador;EC;ECU;17373657;America;69,68020607;77,10331696;15417;875;365;1240;6555;113648;37,72953501
1/9/2020;1;9;2020;119;1;Ecuador;EC;ECU;17373657;America;69,16218042;77,10331696;15471;869;360;1229;6556;113767;37,73529085
2/9/2020;2;9;2020;542;15;Ecuador;EC;ECU;17373657;America;65,43239572;77,10331696;15615;867;363;1230;6571;114309;37,82162846
3/9/2020;3;9;2020;1148;48;Ecuador;EC;ECU;17373657;America;63,21064126;77,10331696;15799;861;355;1216;6619;115457;38,09790881
4/9/2020;4;9;2020;903;29;Ecuador;EC;ECU;17373657;America;62,46238198;77,10331696;15948;859;377;1236;6648;116360;38,26482818
5/9/2020;5;9;2020;815;26;Ecuador;EC;ECU;17373657;America;61,55295917;77,10331696;16052;956;415;1371;6674;117175;38,41448004
6/9/2020;6;9;2020;870;50;Ecuador;EC;ECU;17373657;America;63,0609894;77,10331696;16182;885;424;1309;6724;118045;38,70227207
7/9/2020;7;9;2020;-8261;3800;Ecuador;EC;ECU;17373657;America;11,59801877;77,10331696;16258;884;430;1314;10524;109784;60,57446627
8/9/2020;8;9;2020;308;52;Ecuador;EC;ECU;17373657;America;10,37778057;77,10331696;16484;775;377;1152;10576;110092;60,87376998
9/9/2020;9;9;2020;665;51;Ecuador;EC;ECU;17373657;America;9,94033668;77,10331696;16447;794;374;1168;10627;110757;61,16731785
10/9/2020;10;9;2020;1409;74;Ecuador;EC;ECU;17373657;America;9,30719422;77,10331696;16548;764;371;1135;10701;112166;61,59325006
11/9/2020;11;9;2020;1040;48;Ecuador;EC;ECU;17373657;America;11,43685523;77,10331696;16651;759;367;1126;10749;113206;61,8695304
12/9/2020;12;9;2020;1526;87;Ecuador;EC;ECU;17373657;America;14,91338295;77,10331696;16904;774;381;1155;10836;114732;62,37028854
13/9/2020;13;9;2020;1719;28;Ecuador;EC;ECU;17373657;America;20,40445486;77,10331696;16976;767;378;1145;10864;116451;62,53145207
14/9/2020;14;9;2020;2143;39;Ecuador;EC;ECU;17373657;America;28,46838751;77,10331696;17027;778;381;1159;10903;118594;62,75592985
15/9/2020;15;9;2020;317;19;Ecuador;EC;ECU;17373657;America;29,60804395;77,10331696;17078;770;375;1145;10922;118911;62,86529083
16/9/2020;16;9;2020;642;41;Ecuador;EC;ECU;17373657;America;30,18362801;77,10331696;17192;727;363;1090;10963;119553;63,10128029
17/9/2020;17;9;2020;1972;33;Ecuador;EC;ECU;17373657;America;34,92644065;77,10331696;17339;746;375;1121;10996;121525;63,29122303
18/9/2020;18;9;2020;732;33;Ecuador;EC;ECU;17373657;America;33,94219191;77,10331696;17398;749;381;1130;11029;122257;63,48116577
19/9/2020;19;9;2020;1872;15;Ecuador;EC;ECU;17373657;America;40,0261154;77,10331696;17569;706;379;1085;11044;124129;63,56750338
20/9/2020;20;9;2020;1491;40;Ecuador;EC;ECU;17373657;America;43,6004924;77,10331696;17632;685;377;1062;11084;125620;63,797737
21/9/2020;21;9;2020;799;6;Ecuador;EC;ECU;17373657;America;95,74840806;77,10331696;17679;679;373;1052;11090;126419;63,83227204
22/9/2020;22;9;2020;292;5;Ecuador;EC;ECU;17373657;America;95,65631461;77,10331696;17719;667;375;1042;11095;126711;63,86105125
23/9/2020;23;9;2020;932;31;Ecuador;EC;ECU;17373657;America;97,19312405;77,10331696;18180;692;360;1052;11126;127643;64,0394823
24/9/2020;24;9;2020;2249;45;Ecuador;EC;ECU;17373657;America;102,0280301;77,10331696;18223;689;361;1050;11171;129892;64,29849513
25/9/2020;25;9;2020;1254;42;Ecuador;EC;ECU;17373657;America;103,25978;77,10331696;18363;688;370;1058;11213;131146;64,54024043
26/9/2020;26;9;2020;1329;23;Ecuador;EC;ECU;17373657;America;102,1258794;77,10331696;18470;684;367;1051;11236;132475;64,67262477
27/9/2020;27;9;2020;1506;37;Ecuador;EC;ECU;17373657;America;100,8998854;77,10331696;18570;724;355;1079;11273;133981;64,88559087
28/9/2020;28;9;2020;766;6;Ecuador;EC;ECU;17373657;America;92,9740929;77,10331696;18611;728;366;1094;11279;134747;64,92012591
29/9/2020;29;9;2020;218;1;Ecuador;EC;ECU;17373657;America;92,40426469;77,10331696;18736;638;360;998;11280;134965;64,92588175
30/9/2020;30;9;2020;784;32;Ecuador;EC;ECU;17373657;America;93,22159405;77,10331696;18791;630;355;985;11312;135749;65,11006865
1/10/2020;1;10;2020;1298;43;Ecuador;EC;ECU;17373657;America;89,3421575;77,10331696;18887;592;347;939;11355;137047;65,3575698
2/10/2020;2;10;2020;1537;78;Ecuador;EC;ECU;17373657;America;93,97560917;77,10331696;19022;631;370;1001;11433;138584;65,80652536
3/10/2020;3;10;2020;950;62;Ecuador;EC;ECU;17373657;America;88,66872415;77,10331696;19115;615;366;981;11495;139534;66,16338748
4/10/2020;4;10;2020;817;102;Ecuador;EC;ECU;17373657;America;84,7892876;77,10331696;19226;641;354;995;11597;140351;66,75048322
5/10/2020;5;10;2020;683;50;Ecuador;EC;ECU;17373657;America;84,12161009;77,10331696;19275;623;356;979;11647;141034;67,03827525
6/10/2020;6;10;2020;305;34;Ecuador;EC;ECU;17373657;America;84,19643602;77,10331696;19318;610;354;964;11681;141339;67,23397383
7/10/2020;7;10;2020;717;21;Ecuador;EC;ECU;17373657;America;82,95893029;77,10331696;19493;573;354;927;11702;142056;67,35484648
8/10/2020;8;10;2020;1475;41;Ecuador;EC;ECU;17373657;America;78,50390968;77,10331696;19614;541;348;889;11743;143531;67,59083594
9/10/2020;9;10;2020;1514;398;Ecuador;EC;ECU;17373657;America;80,00042823;77,10331696;19729;546;361;907;12141;145045;69,88166049
10/10/2020;10;10;2020;803;34;Ecuador;EC;ECU;17373657;America;76,97285609;77,10331696;19816;524;361;885;12175;145848;70,07735907
11/10/2020;11;10;2020;980;13;Ecuador;EC;ECU;17373657;America;73,94528394;77,10331696;19851;518;360;878;12188;146828;70,152185
12/10/2020;12;10;2020;205;3;Ecuador;EC;ECU;17373657;America;70,71625738;77,10331696;19887;517;360;877;12191;147033;70,16945252
13/10/2020;13;10;2020;282;27;Ecuador;EC;ECU;17373657;America;71,08463117;77,10331696;19937;527;373;900;12218;147315;70,32486022
14/10/2020;14;10;2020;856;17;Ecuador;EC;ECU;17373657;America;71,4990517;77,10331696;20046;502;350;852;12235;148171;70,42270951
15/10/2020;15;10;2020;912;29;Ecuador;EC;ECU;17373657;America;69,27729723;77,10331696;20127;510;351;861;12264;149083;70,58962888
16/10/2020;16;10;2020;1277;42;Ecuador;EC;ECU;17373657;America;67,78077868;77,10331696;20249;500;331;831;12306;150360;70,83137419
17/10/2020;17;10;2020;1299;51;Ecuador;EC;ECU;17373657;America;69,78956704;77,10331696;20338;516;362;878;12357;151659;71,12492206
18/10/2020;18;10;2020;763;18;Ecuador;EC;ECU;17373657;America;69,47875165;77,10331696;20394;521;365;886;12375;152422;71,22852719
19/10/2020;19;10;2020;867;12;Ecuador;EC;ECU;17373657;America;70,53782632;77,10331696;20432;521;366;887;12387;153289;71,29759728
20/10/2020;20;10;2020;134;8;Ecuador;EC;ECU;17373657;America;69,55357758;77,10331696;20464;523;365;888;12395;153423;71,343644
21/10/2020;21;10;2020;692;9;Ecuador;EC;ECU;17373657;America;69,40968157;77,10331696;20656;468;361;829;12404;154115;71,39544657
22/10/2020;22;10;2020;1510;49;Ecuador;EC;ECU;17373657;America;69,61113599;77,10331696;20700;469;359;828;12453;155625;71,67748275
23/10/2020;23;10;2020;826;47;Ecuador;EC;ECU;17373657;America;65,65111767;77,10331696;20794;462;360;822;12500;156451;71,94800726
24/10/2020;24;10;2020;1819;28;Ecuador;EC;ECU;17373657;America;71,4990517;77,10331696;20869;497;372;869;12528;158270;72,1091708
25/10/2020;25;10;2020;1344;14;Ecuador;EC;ECU;17373657;America;73,59417767;77,10331696;20940;493;365;858;12542;159614;72,18975257
26/10/2020;26;10;2020;2021;11;Ecuador;EC;ECU;17373657;America;84,04678416;77,10331696;20969;501;370;871;12553;161635;72,25306681
27/10/2020;27;10;2020;543;20;Ecuador;EC;ECU;17373657;America;85,54905855;77,10331696;21004;486;362;848;12573;162178;72,36818362
28/10/2020;28;10;2020;1014;15;Ecuador;EC;ECU;17373657;America;86,45848137;77,10331696;21112;454;353;807;12588;163192;72,45452123
29/10/2020;29;10;2020;1716;20;Ecuador;EC;ECU;17373657;America;91,08617719;77,10331696;21219;474;336;810;12608;164908;72,56963804
30/10/2020;30;10;2020;1394;14;Ecuador;EC;ECU;17373657;America;91,75961054;77,10331696;21260;498;355;853;12622;166302;72,65021981
31/10/2020;31;10;2020;845;10;Ecuador;EC;ECU;17373657;America;89,14645892;77,10331696;21349;520;348;868;12632;167147;72,70777822
1/11/2020;1;11;2020;1045;38;Ecuador;EC;ECU;17373657;America;90,76960596;77,10331696;21423;531;342;873;12670;168192;72,92650016
2/11/2020;2;11;2020;1002;14;Ecuador;EC;ECU;17373657;America;91,54664444;77,10331696;21476;520;342;862;12684;169194;73,00708193
3/11/2020;3;11;2020;368;8;Ecuador;EC;ECU;17373657;America;92,89351114;77,10331696;21516;512;342;854;12692;169562;73,05312865
4/11/2020;4;11;2020;548;6;Ecuador;EC;ECU;17373657;America;92,06467009;77,10331696;21552;505;344;849;12698;170110;73,0876637
5/11/2020;5;11;2020;1323;6;Ecuador;EC;ECU;17373657;America;90,9883279;77,10331696;21589;510;338;848;12704;171433;73,12219874
6/11/2020;6;11;2020;350;26;Ecuador;EC;ECU;17373657;America;88,24854779;77,10331696;21806;505;333;838;12730;171783;73,2718506
7/11/2020;7;11;2020;725;31;Ecuador;EC;ECU;17373657;America;81,95165819;77,10331696;21857;497;342;839;12761;172508;73,45028165
8/11/2020;8;11;2020;978;54;Ecuador;EC;ECU;17373657;America;79,84502054;77,10331696;21946;490;343;833;12815;173486;73,76109704
9/11/2020;9;11;2020;1421;15;Ecuador;EC;ECU;17373657;America;76,39151619;77,10331696;21994;498;341;839;12830;174907;73,84743465
10/11/2020;10;11;2020;362;9;Ecuador;EC;ECU;17373657;America;75,34970905;77,10331696;22028;471;335;806;12839;175269;73,89923722
11/11/2020;11;11;2020;442;10;Ecuador;EC;ECU;17373657;America;72,05736823;77,10331696;22099;471;337;808;12849;175711;73,95679562
12/11/2020;12;11;2020;919;71;Ecuador;EC;ECU;17373657;America;67,46996329;77,10331696;22195;484;350;834;12920;176630;74,36546031
13/11/2020;13;11;2020;883;26;Ecuador;EC;ECU;17373657;America;64,52872875;77,10331696;22242;462;334;796;12946;177513;74,51511216
14/11/2020;14;11;2020;1161;31;Ecuador;EC;ECU;17373657;America;66,34757438;77,10331696;22346;484;324;808;12977;178674;74,69354322
15/11/2020;15;11;2020;953;20;Ecuador;EC;ECU;17373657;America;65,81803704;77,10331696;22393;504;354;858;12997;179627;74,80866003
16/11/2020;16;11;2020;668;11;Ecuador;EC;ECU;17373657;America;63,89558629;77,10331696;22437;467;340;807;13008;180295;74,87197428
17/11/2020;17;11;2020;381;8;Ecuador;EC;ECU;17373657;America;63,97041222;77,10331696;22463;481;368;849;13016;180676;74,918021
18/11/2020;18;11;2020;428;9;Ecuador;EC;ECU;17373657;America;63,27971135;77,10331696;22529;475;377;852;13025;181104;74,96982357
19/11/2020;19;11;2020;1146;27;Ecuador;EC;ECU;17373657;America;62,26092756;77,10331696;22565;466;372;838;13052;182250;75,12523126
20/11/2020;20;11;2020;996;21;Ecuador;EC;ECU;17373657;America;65,97920058;77,10331696;22650;480;362;842;13073;183246;75,24610391
21/11/2020;21;11;2020;594;22;Ecuador;EC;ECU;17373657;America;65,22518546;77,10331696;22718;499;348;847;13095;183840;75,37273241
22/11/2020;22;11;2020;1036;44;Ecuador;EC;ECU;17373657;America;65,55902422;77,10331696;22811;483;369;852;13139;184876;75,62598939
23/11/2020;23;11;2020;767;62;Ecuador;EC;ECU;17373657;America;61,79470448;77,10331696;22870;488;365;853;13201;185643;75,98285151
24/11/2020;24;11;2020;301;24;Ecuador;EC;ECU;17373657;America;61,4435982;77,10331696;22901;501;367;868;13225;185944;76,12099168
25/11/2020;25;11;2020;492;39;Ecuador;EC;ECU;17373657;America;61,73139023;77,10331696;22988;488;359;847;13264;186436;76,34546947
26/11/2020;26;11;2020;794;24;Ecuador;EC;ECU;17373657;America;61,01191016;77,10331696;23021;473;344;817;13288;187230;76,48360964
27/11/2020;27;11;2020;908;28;Ecuador;EC;ECU;17373657;America;61,15580617;77,10331696;23114;500;357;857;13316;188138;76,64477318
28/11/2020;28;11;2020;1396;42;Ecuador;EC;ECU;17373657;America;62,50842871;77,10331696;23288;512;356;868;13358;189534;76,88651848
29/11/2020;29;11;2020;1375;13;Ecuador;EC;ECU;17373657;America;64,93739343;77,10331696;23339;486;371;857;13371;190909;76,96134441
30/11/2020;30;11;2020;1208;52;Ecuador;EC;ECU;17373657;America;68,04554735;77,10331696;23383;492;372;864;13423;192117;77,26064812
1/12/2020;1;12;2020;568;38;Ecuador;EC;ECU;17373657;America;69,12188954;77,10331696;23421;503;375;878;13461;192685;77,47937006
2/12/2020;2;12;2020;988;40;Ecuador;EC;ECU;17373657;America;72,34516026;77,10331696;23635;495;360;855;13501;193673;77,70960368
3/12/2020;3;12;2020;1203;61;Ecuador;EC;ECU;17373657;America;72,67324317;77,10331696;23748;541;350;891;13562;194876;78,06070996
4/12/2020;4;12;2020;1008;50;Ecuador;EC;ECU;17373657;America;72,74231326;77,10331696;23798;536;356;892;13612;195884;78,34850199
5/12/2020;5;12;2020;598;84;Ecuador;EC;ECU;17373657;America;72,76533662;77,10331696;23847;535;356;891;13696;196482;78,8319926
6/12/2020;6;12;2020;909;60;Ecuador;EC;ECU;17373657;America;72,03434487;77,10331696;23940;526;356;882;13756;197391;79,17734303
7/12/2020;7;12;2020;607;22;Ecuador;EC;ECU;17373657;America;71,11341038;77,10331696;23981;524;357;881;13778;197998;79,30397152
8/12/2020;8;12;2020;246;2;Ecuador;EC;ECU;17373657;America;70,79683915;77,10331696;24006;526;351;877;13780;198244;79,31548321
9/12/2020;9;12;2020;508;14;Ecuador;EC;ECU;17373657;America;70,88893259;77,10331696;24033;489;348;837;13794;198752;79,39606497
10/12/2020;10;12;2020;476;20;Ecuador;EC;ECU;17373657;America;69,05857529;77,10331696;24238;460;346;806;13814;199228;79,51118179
11/12/2020;11;12;2020;1151;36;Ecuador;EC;ECU;17373657;America;70,45724455;77,10331696;24334;456;337;793;13850;200379;79,71839205
12/12/2020;12;12;2020;386;8;Ecuador;EC;ECU;17373657;America;64,64384556;77,10331696;24387;455;359;814;13858;200765;79,76443877
13/12/2020;13;12;2020;759;16;Ecuador;EC;ECU;17373657;America;61,09824777;77,10331696;24474;433;335;768;13874;201524;79,85653222
14/12/2020;14;12;2020;586;1;Ecuador;EC;ECU;17373657;America;57,51811493;77,10331696;24500;433;358;791;13875;202110;79,86228806
